10,80;-7,01;0,02;-28,20
21,10;-4,11;0,00;-46,72
21,00;-4,13;0,00;-40,10
20,70;-4,19;0,00;-40,30
20,40;-4,25;0,00;-46,72
20,40;-4,25;0,00;-46,72
20,10;-4,32;0,00;-49,73
20,10;-4,32;0,00;-49,73
19,70;-4,40;0,00;-37,09
19,30;-4,49;0,01;-34,28
19,00;-4,56;0,00;-46,72
19,00;-4,56;0,00;-46,72
18,90;-4,58;0,00;-39,43
18,70;-4,63;0,00;-40,70
18,70;-4,63;0,00;-45,62
18,60;-4,65;0,01;-30,77
18,30;-4,72;0,00;-36,68
18,00;-4,80;0,00;-46,12
18,00;-4,80;0,00;-46,12
25,20;-3,33;0,00;-46,72
23,80;-3,58;0,00;-43,71
23,40;-3,66;0,00;-46,32
23,40;-3,66;0,00;-46,32
23,40;-3,66;0,00;-46,32
23,40;-3,66;0,00;-46,32
23,10;-3,71;0,00;-43,71
22,50;-3,83;0,00;-43,71
21,70;-3,98;0,00;-43,71
21,40;-4,04;0,00;-40,70
6,20;-9,42;0,01;-33,01
6,30;-9,36;0,01;-30,33
6,40;-9,29;0,01;-29,95
6,50;-9,22;0,01;-30,73
6,50;-9,22;0,00;-36,75
6,70;-9,09;0,06;-24,07
6,70;-9,09;0,03;-27,36
6,70;-9,09;0,00;-36,29
6,70;-9,09;0,00;-36,29
6,90;-8,96;0,01;-30,12
6,90;-8,96;0,01;-30,12
6,90;-8,96;0,05;-24,73
7,20;-8,78;0,03;-27,43
7,20;-8,78;0,01;-33,24
7,20;-8,78;0,01;-33,24
7,30;-8,72;0,01;-30,79
7,30;-8,72;0,01;-31,13
7,40;-8,66;0,05;-24,45
7,40;-8,66;0,01;-30,72
7,50;-8,60;0,01;-30,15
7,60;-8,54;0,00;-36,39
7,60;-8,54;0,03;-27,32
7,60;-8,54;0,01;-32,99
7,60;-8,54;0,00;-42,41
7,60;-8,54;0,00;-36,52
7,70;-8,48;0,02;-28,15
7,70;-8,48;0,00;-39,66
7,80;-8,43;0,01;-30,55
7,80;-8,43;0,04;-25,49
7,80;-8,43;0,01;-29,90
7,80;-8,43;0,01;-30,55
7,80;-8,43;0,00;-36,54
7,80;-8,43;0,00;-36,79
7,90;-8,37;0,05;-24,39
7,90;-8,37;0,00;-42,95
7,90;-8,37;0,05;-24,84
7,90;-8,37;0,01;-30,65
7,90;-8,37;0,00;-42,95
8,00;-8,32;0,03;-27,17
8,00;-8,32;0,01;-33,80
8,00;-8,32;0,05;-24,40
8,00;-8,32;0,00;-35,94
8,10;-8,26;0,02;-27,91
8,10;-8,26;0,00;-37,08
8,10;-8,26;0,06;-23,98
8,10;-8,26;0,01;-30,69
8,20;-8,21;0,01;-30,93
8,20;-8,21;0,01;-29,90
8,20;-8,21;0,02;-28,21
8,20;-8,21;0,00;-39,71
8,20;-8,21;0,01;-30,68
8,30;-8,16;0,00;-40,25
8,30;-8,16;0,00;-34,57
8,30;-8,16;0,01;-34,20
8,30;-8,16;0,01;-33,83
8,30;-8,16;0,04;-25,54
8,40;-8,11;0,02;-27,55
8,40;-8,11;0,00;-36,98
8,40;-8,11;0,00;-37,11
8,40;-8,11;0,00;-37,11
8,50;-8,05;0,01;-33,04
8,50;-8,05;0,00;-37,42
8,50;-8,05;0,01;-30,70
8,50;-8,05;0,01;-30,46
8,50;-8,05;0,03;-27,21
8,50;-8,05;0,01;-30,70
8,60;-8,00;0,00;-36,99
8,60;-8,00;0,00;-43,01
8,60;-8,00;0,01;-34,12
8,60;-8,00;0,01;-31,25
8,60;-8,00;0,00;-36,99
8,60;-8,00;0,00;-36,86
8,60;-8,00;0,00;-36,99
8,70;-7,95;0,01;-30,99
8,70;-7,95;0,02;-27,71
8,70;-7,95;0,00;-37,15
8,80;-7,90;0,04;-25,61
8,80;-7,90;0,01;-31,31
8,80;-7,90;0,00;-40,31
8,80;-7,90;0,01;-34,44
8,80;-7,90;0,01;-33,64
8,80;-7,90;0,00;-40,31
8,80;-7,90;0,01;-33,64
8,80;-7,90;0,00;-40,34
8,90;-7,85;0,00;-43,64
8,90;-7,85;0,00;-43,64
8,90;-7,85;0,01;-34,15
9,00;-7,81;0,01;-30,26
9,00;-7,81;0,00;-43,05
9,00;-7,81;0,02;-28,15
9,00;-7,81;0,05;-24,48
9,00;-7,81;0,01;-34,02
9,00;-7,81;0,00;-43,05
9,10;-7,76;0,00;-37,22
9,10;-7,76;0,00;-37,53
9,10;-7,76;0,05;-24,93
9,10;-7,76;0,01;-34,48
9,10;-7,76;0,01;-31,31
9,20;-7,71;0,00;-37,19
9,20;-7,71;0,00;-37,19
9,20;-7,71;0,04;-25,40
9,20;-7,71;0,00;-37,87
9,20;-7,71;0,01;-31,64
9,20;-7,71;0,01;-31,38
9,20;-7,71;0,02;-27,76
9,40;-7,62;0,00;-37,22
9,40;-7,62;0,04;-25,10
9,40;-7,62;0,00;-34,58
9,40;-7,62;0,00;-37,52
9,40;-7,62;0,00;-34,74
9,40;-7,62;0,01;-30,84
9,40;-7,62;0,01;-30,84
9,40;-7,62;0,00;-43,77
9,40;-7,62;0,00;-37,52
9,40;-7,62;0,00;-40,37
9,40;-7,62;0,00;-40,37
9,40;-7,62;0,00;-43,77
9,50;-7,57;0,00;-37,70
9,50;-7,57;0,02;-27,90
9,50;-7,57;0,01;-31,73
9,50;-7,57;0,00;-42,59
9,50;-7,57;0,00;-36,57
9,50;-7,57;0,04;-25,04
9,60;-7,53;0,01;-31,45
9,60;-7,53;0,00;-40,48
9,60;-7,53;0,00;-36,70
9,60;-7,53;0,00;-37,92
9,60;-7,53;0,00;-37,92
9,70;-7,48;0,01;-32,13
9,70;-7,48;0,00;-41,19
9,70;-7,48;0,01;-31,80
9,70;-7,48;0,01;-31,37
9,70;-7,48;0,00;-37,56
9,70;-7,48;0,01;-30,82
9,70;-7,48;0,00;-37,56
9,70;-7,48;0,00;-39,85
9,80;-7,44;0,01;-31,72
9,80;-7,44;0,00;-37,99
9,90;-7,39;0,00;-34,96
9,90;-7,39;0,00;-36,99
9,90;-7,39;0,00;-36,73
9,90;-7,39;0,05;-24,89
9,90;-7,39;0,00;-34,67
10,00;-7,35;0,01;-31,41
10,00;-7,35;0,00;-40,44
10,00;-7,35;0,00;-34,58
10,00;-7,35;0,01;-32,23
10,00;-7,35;0,01;-30,85
10,10;-7,31;0,00;-38,07
10,10;-7,31;0,00;-43,81
10,10;-7,31;0,00;-43,81
10,10;-7,31;0,00;-43,81
10,10;-7,31;0,00;-43,81
10,10;-7,31;0,00;-43,16
10,10;-7,31;0,00;-43,16
10,10;-7,31;0,01;-34,13
10,10;-7,31;0,01;-34,00
10,10;-7,31;0,00;-38,07
10,20;-7,26;0,00;-39,90
10,20;-7,26;0,00;-37,91
10,20;-7,26;0,00;-35,01
10,20;-7,26;0,02;-29,58
10,20;-7,26;0,01;-31,47
10,30;-7,22;0,00;-37,30
10,30;-7,22;0,00;-34,75
10,30;-7,22;0,00;-37,78
10,30;-7,22;0,01;-32,26
10,30;-7,22;0,00;-37,30
10,30;-7,22;0,01;-31,15
10,30;-7,22;0,00;-38,61
10,30;-7,22;0,00;-34,62
10,30;-7,22;0,00;-37,31
10,30;-7,22;0,00;-41,29
10,40;-7,18;0,00;-41,32
10,40;-7,18;0,00;-41,32
10,40;-7,18;0,01;-31,81
10,40;-7,18;0,01;-34,03
10,50;-7,14;0,00;-38,08
10,50;-7,14;0,00;-38,08
10,50;-7,14;0,01;-31,36
10,60;-7,10;0,00;-37,34
10,60;-7,10;0,00;-37,20
10,60;-7,10;0,01;-32,35
10,60;-7,10;0,00;-37,34
10,60;-7,10;0,00;-37,67
10,60;-7,10;0,00;-40,50
10,60;-7,10;0,01;-31,47
10,60;-7,10;0,01;-32,00
10,60;-7,10;0,00;-35,69
10,60;-7,10;0,00;-35,16
10,70;-7,05;0,01;-32,09
10,70;-7,05;0,01;-31,20
10,70;-7,05;0,00;-37,07
10,70;-7,05;0,01;-32,36
10,70;-7,05;0,00;-37,88
10,70;-7,05;0,02;-28,67
10,80;-7,01;0,00;-38,14
10,80;-7,01;0,01;-34,36
25,20;-3,33;0,00;-46,72
10,80;-7,01;0,00;-38,14
10,90;-6,97;0,00;-38,62
10,90;-6,97;0,00;-37,71
10,90;-6,97;0,01;-31,20
10,90;-6,97;0,01;-31,51
11,00;-6,93;0,00;-41,50
11,00;-6,93;0,00;-41,50
11,00;-6,93;0,00;-45,29
11,00;-6,93;0,00;-35,79
11,00;-6,93;0,00;-41,47
11,00;-6,93;0,00;-41,47
11,00;-6,93;0,01;-31,91
11,00;-6,93;0,00;-45,29
11,00;-6,93;0,00;-35,29
11,10;-6,90;0,00;-40,58
11,10;-6,90;0,00;-35,19
11,10;-6,90;0,00;-40,58
11,10;-6,90;0,01;-34,39
11,20;-6,86;0,00;-35,16
11,20;-6,86;0,00;-34,74
11,20;-6,86;0,00;-35,72
11,20;-6,86;0,00;-44,19
11,20;-6,86;0,00;-43,28
11,20;-6,86;0,00;-44,19
11,20;-6,86;0,00;-43,28
11,30;-6,82;0,00;-44,00
11,30;-6,82;0,00;-44,00
11,30;-6,82;0,00;-44,00
11,30;-6,82;0,00;-37,98
11,30;-6,82;0,03;-26,52
11,30;-6,82;0,00;-38,56
11,40;-6,78;0,00;-37,43
11,40;-6,78;0,00;-37,43
11,40;-6,78;0,01;-31,58
11,40;-6,78;0,01;-34,32
11,40;-6,78;0,01;-33,40
11,40;-6,78;0,00;-38,91
11,40;-6,78;0,01;-32,52
11,40;-6,78;0,00;-38,91
11,50;-6,74;0,00;-35,25
11,50;-6,74;0,00;-34,79
11,50;-6,74;0,01;-32,62
11,60;-6,70;0,00;-38,47
11,60;-6,70;0,00;-38,47
11,60;-6,70;0,00;-39,05
11,60;-6,70;0,01;-32,01
11,60;-6,70;0,00;-45,07
11,60;-6,70;0,01;-30,01
11,70;-6,67;0,00;-39,03
11,70;-6,67;0,00;-41,64
11,70;-6,67;0,00;-41,64
11,70;-6,67;0,00;-40,65
11,70;-6,67;0,00;-39,03
11,70;-6,67;0,00;-40,65
11,70;-6,67;0,00;-35,87
11,70;-6,67;0,00;-37,47
11,80;-6,63;0,00;-39,60
11,80;-6,63;0,00;-38,33
11,80;-6,63;0,00;-37,84
11,80;-6,63;0,00;-38,33
11,80;-6,63;0,00;-37,84
11,90;-6,59;0,00;-38,09
12,00;-6,56;0,01;-31,66
12,00;-6,56;0,01;-33,17
12,10;-6,52;0,00;-37,89
12,10;-6,52;0,00;-38,40
12,10;-6,52;0,01;-32,71
12,10;-6,52;0,00;-38,40
12,10;-6,52;0,04;-25,76
12,10;-6,52;0,00;-37,89
12,10;-6,52;0,00;-40,52
12,10;-6,52;0,00;-41,86
12,10;-6,52;0,00;-41,86
12,10;-6,52;0,00;-36,15
12,10;-6,52;0,02;-29,09
12,20;-6,48;0,00;-39,08
12,20;-6,48;0,00;-38,71
12,20;-6,48;0,00;-39,08
12,20;-6,48;0,01;-33,77
12,30;-6,45;0,00;-40,73
12,30;-6,45;0,01;-32,13
12,40;-6,41;0,00;-41,84
12,40;-6,41;0,00;-41,84
12,40;-6,41;0,00;-39,39
12,40;-6,41;0,00;-34,93
12,50;-6,38;0,00;-35,47
12,50;-6,38;0,01;-31,73
12,50;-6,38;0,03;-26,62
12,50;-6,38;0,00;-36,29
12,60;-6,34;0,00;-44,23
12,60;-6,34;0,00;-44,23
12,60;-6,34;0,00;-40,88
12,60;-6,34;0,00;-40,88
12,60;-6,34;0,00;-44,23
12,60;-6,34;0,00;-44,23
12,70;-6,31;0,00;-39,35
12,70;-6,31;0,01;-33,13
12,70;-6,31;0,00;-34,98
12,70;-6,31;0,00;-46,04
12,70;-6,31;0,00;-46,04
12,70;-6,31;0,00;-46,04
12,70;-6,31;0,00;-46,04
12,70;-6,31;0,00;-39,35
12,80;-6,28;0,01;-32,92
12,80;-6,28;0,00;-35,55
12,90;-6,24;0,00;-39,82
12,90;-6,24;0,01;-32,26
12,90;-6,24;0,00;-39,46
12,90;-6,24;0,00;-39,46
13,00;-6,21;0,01;-33,63
13,10;-6,18;0,01;-34,26
13,10;-6,18;0,00;-38,05
13,10;-6,18;0,00;-38,33
13,20;-6,14;0,00;-38,65
13,20;-6,14;0,00;-35,62
13,20;-6,14;0,00;-38,65
13,20;-6,14;0,00;-35,62
13,30;-6,11;0,00;-39,64
13,30;-6,11;0,00;-39,64
13,30;-6,11;0,00;-38,35
13,40;-6,08;0,00;-36,73
13,40;-6,08;0,00;-37,09
13,50;-6,05;0,00;-42,61
13,50;-6,05;0,00;-38,75
13,50;-6,05;0,00;-38,75
13,50;-6,05;0,01;-33,57
13,60;-6,01;0,00;-46,05
13,60;-6,01;0,00;-40,60
13,60;-6,01;0,00;-46,05
13,60;-6,01;0,01;-32,40
13,60;-6,01;0,03;-26,71
13,60;-6,01;0,00;-46,05
13,60;-6,01;0,00;-46,05
13,70;-5,98;0,00;-38,95
13,70;-5,98;0,00;-36,83
13,90;-5,92;0,00;-44,52
13,90;-5,92;0,00;-35,84
13,90;-5,92;0,00;-44,52
14,00;-5,89;0,00;-35,89
14,00;-5,89;0,00;-35,89
14,00;-5,89;0,00;-37,49
14,10;-5,86;0,00;-34,96
14,10;-5,86;0,01;-30,59
14,20;-5,83;0,01;-33,18
14,30;-5,80;0,00;-42,86
14,30;-5,80;0,00;-42,86
14,30;-5,80;0,00;-37,36
14,30;-5,80;0,00;-35,96
14,40;-5,76;0,01;-32,95
14,40;-5,76;0,00;-38,97
14,40;-5,76;0,03;-27,02
14,40;-5,76;0,00;-34,60
14,40;-5,76;0,06;-23,92
14,60;-5,70;0,00;-49,73
14,60;-5,70;0,00;-47,49
14,60;-5,70;0,00;-47,49
14,60;-5,70;0,01;-32,64
14,60;-5,70;0,00;-47,49
14,60;-5,70;0,01;-32,64
14,60;-5,70;0,01;-33,87
14,60;-5,70;0,01;-33,87
14,60;-5,70;0,00;-47,49
14,70;-5,68;0,02;-27,98
14,70;-5,68;0,00;-37,02
14,80;-5,65;0,00;-41,12
14,80;-5,65;0,00;-41,12
14,80;-5,65;0,00;-36,23
14,80;-5,65;0,00;-36,23
14,80;-5,65;0,00;-44,25
15,00;-5,59;0,01;-32,77
15,10;-5,56;0,00;-44,52
15,10;-5,56;0,01;-34,20
15,10;-5,56;0,01;-34,20
15,10;-5,56;0,00;-44,52
15,20;-5,53;0,03;-27,40
15,20;-5,53;0,00;-36,12
15,40;-5,47;0,02;-29,73
15,50;-5,45;0,00;-41,70
15,50;-5,45;0,00;-36,01
15,60;-5,42;0,00;-41,63
15,60;-5,42;0,01;-31,59
15,60;-5,42;0,00;-36,67
15,60;-5,42;0,00;-36,67
15,80;-5,36;0,00;-42,27
15,80;-5,36;0,00;-42,27
15,80;-5,36;0,00;-43,16
15,90;-5,33;0,03;-27,38
16,00;-5,31;0,00;-40,70
16,10;-5,28;0,02;-27,92
16,10;-5,28;0,01;-32,10
16,20;-5,25;0,00;-36,28
16,30;-5,23;0,00;-43,71
16,50;-5,17;0,00;-37,30
16,70;-5,12;0,00;-35,83
16,70;-5,12;0,00;-46,67
16,70;-5,12;0,00;-46,67
16,70;-5,12;0,01;-32,63
16,70;-5,12;0,00;-35,83
17,30;-4,97;0,00;-49,73
17,30;-4,97;0,00;-49,73
17,40;-4,94;0,00;-36,97
17,40;-4,94;0,00;-36,97
17,40;-4,94;0,00;-39,50
17,70;-4,87;0,00;-42,33
17,70;-4,87;0,00;-43,71
18,00;-4,80;0,00;-46,12
18,00;-4,80;0,00;-46,12
41,20;-1,20;0,00;-35,82
41,20;-1,20;0,00;-38,89
41,20;-1,20;0,00;-38,81
41,20;-1,20;0,00;-35,87
41,20;-1,20;0,00;-35,84
41,20;-1,20;0,00;-38,81
41,30;-1,19;0,00;-35,91
41,30;-1,19;0,00;-41,92
41,30;-1,19;0,00;-35,88
41,30;-1,19;0,00;-35,88
41,30;-1,19;0,01;-29,87
41,30;-1,19;0,01;-29,85
41,30;-1,19;0,00;-35,89
41,30;-1,19;0,00;-41,92
41,40;-1,18;0,01;-32,89
41,40;-1,18;0,00;-35,93
41,40;-1,18;0,00;-41,96
41,40;-1,18;0,00;-41,96
37,40;-1,62;0,00;-36,23
41,40;-1,18;0,00;-38,93
41,50;-1,17;0,00;-35,95
41,50;-1,17;0,00;-38,98
41,60;-1,16;0,00;-35,98
41,60;-1,16;0,00;-42,01
41,60;-1,16;0,00;-42,01
42,00;-1,12;0,00;-40,30
42,00;-1,12;0,00;-40,30
43,20;-0,99;0,01;-33,74
41,40;-1,18;0,01;-29,89
26,20;-3,17;0,00;-40,10
26,60;-3,10;0,00;-46,72
26,60;-3,10;0,00;-46,72
26,90;-3,05;0,00;-42,35
27,90;-2,89;0,00;-43,71
28,90;-2,74;0,00;-46,12
28,90;-2,74;0,00;-46,12
29,00;-2,72;0,00;-40,70
29,30;-2,68;0,00;-43,71
29,60;-2,64;0,00;-40,70
29,90;-2,59;0,00;-40,30
29,90;-2,59;0,00;-40,30
30,30;-2,53;0,00;-46,72
30,60;-2,49;0,00;-46,72
30,60;-2,49;0,00;-46,72
31,00;-2,43;0,00;-49,73
31,00;-2,43;0,00;-49,73
31,30;-2,39;0,00;-40,30
31,30;-2,39;0,00;-40,30
31,70;-2,34;0,00;-40,70
32,00;-2,30;0,00;-46,72
32,00;-2,30;0,00;-46,72
32,30;-2,26;0,01;-34,28
32,70;-2,20;0,00;-36,25
32,70;-2,20;0,00;-37,29
32,70;-2,20;0,00;-36,34
32,70;-2,20;0,00;-39,30
32,80;-2,19;0,00;-42,42
32,80;-2,19;0,00;-42,42
32,90;-2,18;0,01;-30,26
32,90;-2,18;0,00;-36,48
32,90;-2,18;0,00;-36,24
32,90;-2,18;0,00;-36,24
33,00;-2,16;0,01;-30,36
33,00;-2,16;0,00;-39,60
33,00;-2,16;0,01;-33,32
33,10;-2,15;0,00;-36,46
33,10;-2,15;0,00;-36,46
33,10;-2,15;0,00;-36,73
33,20;-2,14;0,01;-30,54
33,20;-2,14;0,00;-36,37
33,20;-2,14;0,00;-39,28
33,20;-2,14;0,01;-33,30
33,20;-2,14;0,01;-33,22
33,20;-2,14;0,00;-39,28
33,30;-2,12;0,01;-33,68
33,30;-2,12;0,00;-42,94
33,30;-2,12;0,00;-42,94
33,30;-2,12;0,01;-33,43
33,40;-2,11;0,01;-33,21
33,40;-2,11;0,00;-39,54
33,40;-2,11;0,00;-36,30
33,40;-2,11;0,00;-36,30
33,40;-2,11;0,01;-30,23
33,40;-2,11;0,01;-30,85
33,40;-2,11;0,01;-30,33
33,40;-2,11;0,00;-39,54
33,40;-2,11;0,00;-45,36
33,50;-2,10;0,01;-33,65
33,50;-2,10;0,01;-33,41
33,50;-2,10;0,00;-37,22
33,60;-2,09;0,00;-36,83
33,60;-2,09;0,00;-36,28
33,60;-2,09;0,00;-36,28
33,60;-2,09;0,00;-36,21
33,60;-2,09;0,00;-36,21
33,60;-2,09;0,00;-39,25
33,60;-2,09;0,01;-30,48
33,60;-2,09;0,00;-39,25
33,70;-2,07;0,00;-43,31
33,70;-2,07;0,00;-36,62
33,70;-2,07;0,00;-42,35
33,70;-2,07;0,00;-42,35
33,70;-2,07;0,00;-42,35
33,70;-2,07;0,00;-36,40
33,70;-2,07;0,00;-36,40
33,70;-2,07;0,00;-37,15
33,70;-2,07;0,00;-43,31
33,70;-2,07;0,00;-36,62
33,70;-2,07;0,00;-42,35
33,70;-2,07;0,00;-37,15
33,80;-2,06;0,01;-30,77
33,80;-2,06;0,00;-39,49
33,80;-2,06;0,00;-39,49
33,80;-2,06;0,01;-34,07
33,90;-2,05;0,00;-36,38
33,90;-2,05;0,00;-40,79
33,90;-2,05;0,01;-30,16
33,90;-2,05;0,01;-30,21
33,90;-2,05;0,00;-36,20
33,90;-2,05;0,00;-36,38
33,90;-2,05;0,00;-36,20
33,90;-2,05;0,01;-30,29
33,90;-2,05;0,00;-36,59
33,90;-2,05;0,00;-36,59
33,90;-2,05;0,01;-33,26
34,00;-2,03;0,01;-30,43
34,00;-2,03;0,00;-42,76
34,00;-2,03;0,01;-31,61
34,00;-2,03;0,00;-42,76
34,00;-2,03;0,00;-42,76
34,00;-2,03;0,00;-37,09
34,00;-2,03;0,00;-42,76
34,00;-2,03;0,01;-34,01
34,10;-2,02;0,01;-33,24
34,10;-2,02;0,01;-33,55
34,10;-2,02;0,00;-39,23
34,10;-2,02;0,01;-33,35
34,10;-2,02;0,00;-39,23
34,10;-2,02;0,01;-33,18
34,10;-2,02;0,00;-36,30
34,10;-2,02;0,00;-36,17
34,20;-2,01;0,00;-39,44
34,20;-2,01;0,00;-39,44
34,20;-2,01;0,00;-40,52
34,20;-2,01;0,00;-40,52
34,20;-2,01;0,01;-30,68
34,20;-2,01;0,00;-36,96
34,20;-2,01;0,00;-36,96
34,30;-2,00;0,01;-30,19
34,30;-2,00;0,01;-31,38
34,30;-2,00;0,01;-33,52
34,30;-2,00;0,01;-33,18
34,30;-2,00;0,00;-36,24
34,30;-2,00;0,00;-36,24
34,30;-2,00;0,01;-30,26
34,40;-1,98;0,00;-36,91
34,40;-1,98;0,00;-36,91
34,40;-1,98;0,00;-36,67
34,40;-1,98;0,01;-30,15
34,40;-1,98;0,01;-30,39
34,40;-1,98;0,01;-33,33
34,50;-1,97;0,00;-40,32
34,50;-1,97;0,00;-36,50
34,50;-1,97;0,00;-36,50
34,50;-1,97;0,00;-40,32
34,60;-1,96;0,00;-36,32
34,60;-1,96;0,00;-36,18
34,60;-1,96;0,00;-36,18
34,60;-1,96;0,00;-36,32
34,60;-1,96;0,01;-30,61
34,60;-1,96;0,00;-39,40
34,60;-1,96;0,00;-42,18
34,60;-1,96;0,00;-39,40
34,60;-1,96;0,00;-36,23
34,60;-1,96;0,00;-36,23
34,60;-1,96;0,00;-42,29
34,60;-1,96;0,00;-42,29
34,60;-1,96;0,00;-42,29
34,60;-1,96;0,00;-39,21
34,60;-1,96;0,00;-39,21
34,60;-1,96;0,00;-42,29
34,60;-1,96;0,00;-42,18
34,60;-1,96;0,01;-33,85
34,60;-1,96;0,00;-42,18
34,60;-1,96;0,01;-31,20
34,60;-1,96;0,00;-42,18
34,70;-1,95;0,00;-36,47
34,70;-1,95;0,00;-40,57
34,70;-1,95;0,00;-45,36
34,70;-1,95;0,00;-35,77
34,70;-1,95;0,00;-36,47
34,70;-1,95;0,01;-33,80
34,70;-1,95;0,00;-36,39
34,80;-1,93;0,00;-38,38
34,80;-1,93;0,00;-42,62
34,80;-1,93;0,00;-42,62
34,80;-1,93;0,00;-36,30
34,80;-1,93;0,00;-36,30
34,80;-1,93;0,00;-40,16
34,80;-1,93;0,00;-36,17
34,80;-1,93;0,00;-42,62
34,80;-1,93;0,01;-30,17
34,80;-1,93;0,00;-36,17
34,80;-1,93;0,00;-40,16
34,80;-1,93;0,01;-30,24
34,80;-1,93;0,00;-38,38
34,80;-1,93;0,01;-33,21
34,80;-1,93;0,00;-42,62
34,90;-1,92;0,00;-36,76
34,90;-1,92;0,01;-33,44
34,90;-1,92;0,00;-38,10
34,90;-1,92;0,01;-31,05
34,90;-1,92;0,00;-38,10
34,90;-1,92;0,01;-30,34
34,90;-1,92;0,00;-36,76
34,90;-1,92;0,01;-30,13
35,00;-1,91;0,01;-33,20
35,00;-1,91;0,00;-36,24
35,00;-1,91;0,01;-33,28
35,00;-1,91;0,00;-34,87
35,00;-1,91;0,00;-39,19
35,00;-1,91;0,00;-39,19
35,00;-1,91;0,01;-30,54
35,10;-1,90;0,00;-40,02
35,10;-1,90;0,00;-39,36
35,10;-1,90;0,00;-39,36
35,10;-1,90;0,00;-34,69
35,10;-1,90;0,01;-33,41
35,10;-1,90;0,01;-33,15
35,10;-1,90;0,00;-40,02
35,10;-1,90;0,01;-34,28
35,10;-1,90;0,00;-36,72
35,10;-1,90;0,00;-36,72
35,10;-1,90;0,00;-36,15
35,20;-1,88;0,00;-36,53
35,30;-1,87;0,01;-33,15
35,30;-1,87;0,00;-36,20
35,30;-1,87;0,01;-30,31
35,30;-1,87;0,01;-30,93
35,30;-1,87;0,01;-30,16
35,30;-1,87;0,01;-33,26
35,30;-1,87;0,01;-33,67
35,30;-1,87;0,00;-37,56
35,30;-1,87;0,00;-37,56
35,30;-1,87;0,00;-36,40
35,30;-1,87;0,00;-36,20
35,30;-1,87;0,00;-36,40
35,30;-1,87;0,01;-30,21
35,40;-1,86;0,00;-37,44
35,40;-1,86;0,00;-40,10
35,40;-1,86;0,00;-36,13
35,40;-1,86;0,01;-30,48
35,40;-1,86;0,00;-37,44
35,40;-1,86;0,00;-36,13
35,40;-1,86;0,00;-40,10
35,40;-1,86;0,01;-30,12
35,50;-1,85;0,00;-36,26
35,50;-1,85;0,00;-36,19
35,50;-1,85;0,00;-36,19
35,50;-1,85;0,00;-42,24
35,50;-1,85;0,00;-39,90
35,50;-1,85;0,00;-42,24
35,50;-1,85;0,00;-39,18
35,50;-1,85;0,01;-33,63
35,50;-1,85;0,00;-39,18
35,50;-1,85;0,00;-39,90
35,50;-1,85;0,00;-42,24
35,50;-1,85;0,00;-36,26
35,50;-1,85;0,00;-42,24
35,50;-1,85;0,00;-39,32
35,50;-1,85;0,00;-39,32
35,60;-1,83;0,00;-36,38
35,60;-1,83;0,00;-36,38
35,60;-1,83;0,00;-42,49
35,60;-1,83;0,00;-36,15
35,60;-1,83;0,00;-42,16
35,60;-1,83;0,00;-42,49
35,60;-1,83;0,00;-42,16
35,60;-1,83;0,01;-34,32
35,60;-1,83;0,00;-36,15
35,60;-1,83;0,00;-42,16
35,60;-1,83;0,00;-42,49
35,60;-1,83;0,00;-42,49
35,60;-1,83;0,00;-42,16
35,70;-1,82;0,00;-36,13
35,70;-1,82;0,01;-33,17
35,70;-1,82;0,00;-36,24
35,70;-1,82;0,01;-30,81
35,70;-1,82;0,00;-36,24
35,70;-1,82;0,00;-36,13
35,70;-1,82;0,01;-34,22
35,70;-1,82;0,01;-30,27
35,70;-1,82;0,00;-36,60
35,70;-1,82;0,00;-36,60
35,70;-1,82;0,01;-30,19
35,80;-1,81;0,00;-36,15
35,80;-1,81;0,01;-30,14
35,80;-1,81;0,00;-39,79
35,80;-1,81;0,01;-30,42
35,80;-1,81;0,00;-39,79
35,80;-1,81;0,00;-36,15
35,80;-1,81;0,01;-33,34
35,90;-1,80;0,01;-30,11
35,90;-1,80;0,00;-36,56
35,90;-1,80;0,00;-37,15
35,90;-1,80;0,01;-33,12
35,90;-1,80;0,00;-37,15
35,90;-1,80;0,00;-36,56
35,90;-1,80;0,01;-33,39
36,00;-1,79;0,00;-44,75
36,00;-1,79;0,00;-44,75
36,00;-1,79;0,01;-30,71
36,00;-1,79;0,00;-36,20
36,00;-1,79;0,00;-36,41
36,00;-1,79;0,00;-44,75
36,00;-1,79;0,01;-33,16
36,00;-1,79;0,00;-39,16
36,00;-1,79;0,00;-39,16
36,00;-1,79;0,01;-33,22
36,00;-1,79;0,01;-33,32
36,00;-1,79;0,00;-40,79
36,00;-1,79;0,00;-44,75
36,00;-1,79;0,00;-39,28
36,00;-1,79;0,00;-39,28
36,00;-1,79;0,01;-32,29
36,10;-1,77;0,00;-37,07
36,10;-1,77;0,00;-38,02
36,10;-1,77;0,01;-33,52
36,10;-1,77;0,00;-37,07
36,10;-1,77;0,01;-33,13
36,10;-1,77;0,00;-36,13
36,20;-1,76;0,01;-30,17
36,20;-1,76;0,01;-30,24
36,20;-1,76;0,01;-33,11
36,20;-1,76;0,01;-33,21
36,20;-1,76;0,00;-36,17
36,20;-1,76;0,00;-36,31
36,20;-1,76;0,00;-36,31
36,20;-1,76;0,00;-36,17
36,20;-1,76;0,01;-33,99
36,20;-1,76;0,00;-39,70
36,20;-1,76;0,00;-39,70
36,30;-1,75;0,01;-30,37
36,30;-1,75;0,01;-33,48
36,30;-1,75;0,01;-33,13
36,30;-1,75;0,01;-31,78
36,30;-1,75;0,01;-30,13
36,40;-1,74;0,01;-33,92
36,40;-1,74;0,00;-36,29
36,40;-1,74;0,00;-42,20
36,40;-1,74;0,00;-39,25
36,40;-1,74;0,00;-36,12
36,40;-1,74;0,00;-36,12
36,40;-1,74;0,00;-42,20
36,40;-1,74;0,00;-36,29
36,40;-1,74;0,00;-42,20
36,40;-1,74;0,00;-36,21
36,40;-1,74;0,00;-36,21
36,40;-1,74;0,00;-42,20
36,40;-1,74;0,01;-30,11
36,40;-1,74;0,00;-43,64
36,40;-1,74;0,00;-43,31
36,40;-1,74;0,01;-30,62
36,40;-1,74;0,00;-43,31
36,40;-1,74;0,00;-43,64
36,40;-1,74;0,00;-43,64
36,40;-1,74;0,00;-39,25
36,40;-1,74;0,00;-43,64
36,50;-1,73;0,00;-36,46
36,50;-1,73;0,00;-36,46
36,50;-1,73;0,00;-39,15
36,50;-1,73;0,00;-42,39
36,50;-1,73;0,00;-42,39
36,50;-1,73;0,00;-42,39
36,50;-1,73;0,00;-42,39
36,50;-1,73;0,00;-36,16
36,50;-1,73;0,00;-36,16
36,50;-1,73;0,00;-39,15
36,50;-1,73;0,01;-31,46
36,60;-1,71;0,00;-36,87
36,60;-1,71;0,00;-36,87
36,60;-1,71;0,00;-39,61
36,60;-1,71;0,00;-39,61
36,60;-1,71;0,00;-42,14
36,60;-1,71;0,00;-42,14
36,60;-1,71;0,00;-42,14
36,60;-1,71;0,00;-42,14
36,60;-1,71;0,00;-36,13
36,60;-1,71;0,00;-36,13
36,70;-1,70;0,00;-36,43
36,70;-1,70;0,00;-36,43
36,70;-1,70;0,00;-36,19
36,70;-1,70;0,01;-30,15
36,70;-1,70;0,01;-30,32
36,70;-1,70;0,01;-33,27
36,70;-1,70;0,01;-33,14
36,70;-1,70;0,00;-36,19
36,70;-1,70;0,00;-36,12
36,70;-1,70;0,00;-37,35
36,70;-1,70;0,00;-36,12
36,70;-1,70;0,01;-30,21
36,80;-1,69;0,00;-36,13
36,80;-1,69;0,01;-30,54
36,80;-1,69;0,00;-36,13
36,80;-1,69;0,01;-30,12
36,80;-1,69;0,00;-40,10
36,80;-1,69;0,00;-36,81
36,80;-1,69;0,01;-31,22
36,80;-1,69;0,00;-36,81
36,90;-1,68;0,01;-33,11
36,90;-1,68;0,01;-30,10
36,90;-1,68;0,00;-36,32
36,90;-1,68;0,01;-33,25
36,90;-1,68;0,01;-33,17
36,90;-1,68;0,00;-39,23
36,90;-1,68;0,00;-39,23
36,90;-1,68;0,00;-36,16
37,00;-1,67;0,00;-43,17
37,00;-1,67;0,01;-33,39
37,00;-1,67;0,01;-33,74
37,00;-1,67;0,01;-33,13
37,00;-1,67;0,00;-43,17
37,00;-1,67;0,00;-39,14
37,00;-1,67;0,00;-43,17
37,00;-1,67;0,00;-43,17
37,00;-1,67;0,00;-39,53
37,00;-1,67;0,01;-30,09
37,00;-1,67;0,00;-39,53
37,00;-1,67;0,00;-39,14
37,10;-1,65;0,00;-39,41
37,10;-1,65;0,01;-30,18
37,10;-1,65;0,01;-33,11
37,10;-1,65;0,00;-36,24
37,10;-1,65;0,00;-36,12
37,10;-1,65;0,01;-30,28
37,10;-1,65;0,00;-39,41
37,10;-1,65;0,00;-36,24
37,20;-1,64;0,00;-41,10
37,20;-1,64;0,01;-33,37
37,20;-1,64;0,00;-41,10
37,20;-1,64;0,00;-36,14
37,20;-1,64;0,00;-35,66
37,20;-1,64;0,01;-30,47
37,20;-1,64;0,01;-33,69
37,20;-1,64;0,00;-36,14
37,20;-1,64;0,01;-33,10
37,20;-1,64;0,01;-31,04
37,20;-1,64;0,01;-30,13
37,20;-1,64;0,01;-33,16
37,30;-1,63;0,00;-36,65
37,30;-1,63;0,00;-35,22
37,30;-1,63;0,01;-30,11
37,30;-1,63;0,01;-33,11
37,30;-1,63;0,00;-39,12
37,30;-1,63;0,00;-39,12
37,30;-1,63;0,00;-36,98
37,30;-1,63;0,00;-36,65
37,40;-1,62;0,00;-42,17
37,40;-1,62;0,00;-42,17
37,40;-1,62;0,00;-42,17
37,40;-1,62;0,00;-42,17
37,40;-1,62;0,00;-36,17
37,40;-1,62;0,00;-37,93
37,40;-1,62;0,00;-39,20
37,40;-1,62;0,00;-39,20
37,40;-1,62;0,00;-42,30
37,40;-1,62;0,00;-42,30
37,40;-1,62;0,00;-42,30
37,40;-1,62;0,00;-42,30
37,40;-1,62;0,00;-37,93
37,40;-1,62;0,00;-36,23
37,40;-1,62;0,00;-36,17
37,40;-1,62;0,00;-36,35
41,20;-1,20;0,01;-32,80
37,40;-1,62;0,01;-30,10
37,40;-1,62;0,00;-36,35
37,50;-1,61;0,00;-39,14
37,50;-1,61;0,00;-39,14
37,50;-1,61;0,00;-36,13
37,50;-1,61;0,00;-36,13
37,50;-1,61;0,00;-39,46
37,50;-1,61;0,00;-39,46
37,50;-1,61;0,01;-30,89
37,50;-1,61;0,00;-37,71
37,50;-1,61;0,00;-36,11
37,50;-1,61;0,00;-36,61
37,50;-1,61;0,01;-30,09
37,50;-1,61;0,00;-36,61
37,50;-1,61;0,00;-36,11
37,50;-1,61;0,00;-37,71
37,60;-1,60;0,00;-36,16
37,60;-1,60;0,00;-36,12
37,60;-1,60;0,00;-36,12
37,60;-1,60;0,00;-34,52
37,60;-1,60;0,01;-33,20
37,60;-1,60;0,01;-30,24
37,60;-1,60;0,01;-30,16
37,60;-1,60;0,00;-36,33
37,60;-1,60;0,00;-36,33
37,60;-1,60;0,00;-36,16
37,70;-1,59;0,01;-30,40
37,70;-1,59;0,01;-33,12
37,70;-1,59;0,00;-36,11
37,70;-1,59;0,00;-42,14
37,70;-1,59;0,00;-42,86
37,70;-1,59;0,00;-42,86
37,70;-1,59;0,00;-42,14
37,70;-1,59;0,00;-42,14
37,70;-1,59;0,00;-42,14
37,70;-1,59;0,00;-36,11
37,70;-1,59;0,00;-42,86
37,70;-1,59;0,01;-33,55
37,70;-1,59;0,01;-30,12
37,70;-1,59;0,00;-42,86
37,80;-1,57;0,01;-34,37
37,80;-1,57;0,00;-36,12
37,80;-1,57;0,01;-33,29
37,80;-1,57;0,01;-33,19
37,80;-1,57;0,00;-39,12
37,80;-1,57;0,01;-30,10
37,80;-1,57;0,00;-39,12
37,80;-1,57;0,00;-36,12
37,80;-1,57;0,00;-36,24
37,90;-1,56;0,00;-37,26
37,90;-1,56;0,00;-37,26
37,90;-1,56;0,01;-30,09
37,90;-1,56;0,00;-39,40
37,90;-1,56;0,00;-36,14
37,90;-1,56;0,00;-39,40
37,90;-1,56;0,01;-30,76
37,90;-1,56;0,00;-39,18
37,90;-1,56;0,01;-33,14
37,90;-1,56;0,00;-39,18
38,00;-1,55;0,01;-33,10
38,00;-1,55;0,00;-39,13
38,00;-1,55;0,00;-39,13
38,00;-1,55;0,01;-33,51
38,00;-1,55;0,01;-33,12
38,10;-1,54;0,01;-30,09
38,10;-1,54;0,00;-36,19
38,10;-1,54;0,00;-36,19
38,10;-1,54;0,01;-33,13
38,10;-1,54;0,01;-33,27
38,10;-1,54;0,01;-30,14
38,10;-1,54;0,01;-30,34
38,10;-1,54;0,01;-33,10
38,10;-1,54;0,00;-36,72
38,10;-1,54;0,01;-30,21
38,10;-1,54;0,00;-37,15
38,10;-1,54;0,00;-37,15
38,20;-1,53;0,00;-36,48
38,20;-1,53;0,00;-36,11
38,20;-1,53;0,01;-30,11
38,20;-1,53;0,00;-36,12
38,20;-1,53;0,00;-36,12
38,20;-1,53;0,00;-36,48
38,30;-1,52;0,00;-36,26
38,30;-1,52;0,01;-30,10
38,30;-1,52;0,00;-39,12
38,30;-1,52;0,00;-36,26
38,30;-1,52;0,01;-33,10
38,30;-1,52;0,00;-42,23
38,30;-1,52;0,00;-36,18
38,30;-1,52;0,01;-30,64
38,30;-1,52;0,00;-36,18
38,30;-1,52;0,00;-42,23
38,30;-1,52;0,01;-34,04
38,30;-1,52;0,00;-39,16
38,30;-1,52;0,00;-39,16
38,30;-1,52;0,00;-39,35
38,30;-1,52;0,00;-42,23
38,30;-1,52;0,00;-39,35
38,30;-1,52;0,00;-42,23
38,40;-1,51;0,00;-36,14
38,40;-1,51;0,00;-36,45
38,40;-1,51;0,00;-36,45
38,40;-1,51;0,01;-33,96
38,40;-1,51;0,00;-36,14
38,40;-1,51;0,00;-44,62
38,40;-1,51;0,00;-41,61
38,40;-1,51;0,01;-33,10
38,40;-1,51;0,01;-30,09
38,40;-1,51;0,00;-42,15
38,40;-1,51;0,00;-42,15
38,40;-1,51;0,00;-41,61
38,40;-1,51;0,00;-44,62
38,40;-1,51;0,01;-33,40
38,40;-1,51;0,00;-42,15
38,40;-1,51;0,00;-42,15
38,50;-1,49;0,00;-36,12
38,50;-1,49;0,00;-42,63
38,50;-1,49;0,01;-30,18
38,50;-1,49;0,00;-36,24
38,50;-1,49;0,00;-36,24
38,50;-1,49;0,00;-42,63
38,50;-1,49;0,00;-42,63
38,50;-1,49;0,01;-32,12
38,50;-1,49;0,00;-42,63
38,50;-1,49;0,00;-36,11
38,50;-1,49;0,01;-30,29
38,50;-1,49;0,00;-36,12
38,60;-1,48;0,00;-36,11
38,60;-1,48;0,01;-30,13
38,60;-1,48;0,00;-36,11
38,60;-1,48;0,00;-39,13
38,60;-1,48;0,01;-33,40
38,60;-1,48;0,00;-36,13
38,60;-1,48;0,00;-36,13
38,60;-1,48;0,00;-40,84
38,60;-1,48;0,00;-40,84
38,60;-1,48;0,00;-36,89
38,60;-1,48;0,00;-36,89
38,60;-1,48;0,01;-33,16
38,60;-1,48;0,00;-39,13
38,70;-1,47;0,00;-42,13
38,70;-1,47;0,01;-30,54
38,70;-1,47;0,01;-31,58
38,70;-1,47;0,00;-42,13
38,70;-1,47;0,01;-30,10
38,80;-1,46;0,00;-39,15
38,80;-1,46;0,00;-39,30
38,80;-1,46;0,01;-30,09
38,80;-1,46;0,01;-33,11
38,80;-1,46;0,01;-33,37
38,80;-1,46;0,00;-39,30
38,80;-1,46;0,01;-33,22
38,80;-1,46;0,00;-36,81
38,80;-1,46;0,00;-36,81
38,80;-1,46;0,01;-33,15
38,80;-1,46;0,00;-39,15
38,80;-1,46;0,00;-36,19
38,90;-1,45;0,00;-36,11
38,90;-1,45;0,00;-36,52
38,90;-1,45;0,00;-36,12
38,90;-1,45;0,00;-40,44
38,90;-1,45;0,00;-40,44
38,90;-1,45;0,01;-33,12
39,00;-1,44;0,01;-33,20
39,00;-1,44;0,01;-30,15
39,00;-1,44;0,01;-33,73
39,00;-1,44;0,00;-36,15
39,00;-1,44;0,01;-31,26
39,00;-1,44;0,01;-33,10
39,00;-1,44;0,00;-36,15
39,00;-1,44;0,01;-30,24
39,00;-1,44;0,00;-36,35
39,00;-1,44;0,00;-36,35
39,10;-1,43;0,01;-30,45
39,10;-1,43;0,00;-39,12
39,10;-1,43;0,01;-30,11
39,10;-1,43;0,01;-33,11
39,20;-1,42;0,00;-39,26
39,20;-1,42;0,00;-39,26
39,20;-1,42;0,00;-36,32
39,20;-1,42;0,00;-36,20
39,20;-1,42;0,00;-40,16
39,20;-1,42;0,00;-40,16
39,20;-1,42;0,01;-30,10
39,20;-1,42;0,00;-36,32
39,20;-1,42;0,01;-33,67
39,20;-1,42;0,00;-36,20
39,30;-1,40;0,00;-36,14
39,30;-1,40;0,00;-36,11
39,30;-1,40;0,00;-42,18
39,30;-1,40;0,00;-42,18
39,30;-1,40;0,00;-42,45
39,30;-1,40;0,00;-39,14
39,30;-1,40;0,00;-42,45
39,30;-1,40;0,00;-39,14
39,30;-1,40;0,00;-36,14
39,30;-1,40;0,01;-32,55
39,30;-1,40;0,00;-42,45
39,30;-1,40;0,00;-42,18
39,30;-1,40;0,00;-42,45
39,30;-1,40;0,00;-42,18
39,30;-1,40;0,02;-29,54
39,40;-1,39;0,01;-32,56
39,40;-1,39;0,00;-35,56
39,40;-1,39;0,00;-35,56
39,40;-1,39;0,01;-32,59
39,40;-1,39;0,01;-32,60
39,40;-1,39;0,01;-31,02
39,40;-1,39;0,00;-36,62
39,40;-1,39;0,00;-35,57
39,40;-1,39;0,01;-32,55
39,40;-1,39;0,00;-35,57
39,40;-1,39;0,02;-29,58
39,40;-1,39;0,02;-29,59
39,40;-1,39;0,00;-36,62
39,40;-1,39;0,02;-29,58
39,40;-1,39;0,00;-38,57
39,40;-1,39;0,00;-41,59
39,40;-1,39;0,00;-38,58
39,40;-1,39;0,00;-38,58
39,40;-1,39;0,00;-41,59
39,40;-1,39;0,00;-36,12
39,40;-1,39;0,02;-29,54
39,40;-1,39;0,02;-29,54
39,40;-1,39;0,01;-32,55
39,40;-1,39;0,00;-36,12
39,40;-1,39;0,00;-35,57
39,40;-1,39;0,00;-35,57
39,50;-1,38;0,00;-35,73
39,50;-1,38;0,00;-35,73
39,50;-1,38;0,02;-29,63
39,50;-1,38;0,02;-29,61
39,50;-1,38;0,00;-42,14
39,50;-1,38;0,06;-23,52
39,50;-1,38;0,00;-42,14
39,50;-1,38;0,00;-38,75
39,50;-1,38;0,00;-41,78
39,50;-1,38;0,00;-38,75
39,50;-1,38;0,00;-39,95
39,50;-1,38;0,00;-39,95
39,50;-1,38;0,00;-35,75
39,50;-1,38;0,00;-35,75
39,50;-1,38;0,01;-32,61
39,50;-1,38;0,00;-35,76
39,50;-1,38;0,00;-35,62
39,50;-1,38;0,00;-35,61
39,50;-1,38;0,00;-35,60
39,50;-1,38;0,00;-41,78
39,50;-1,38;0,01;-32,62
39,50;-1,38;0,00;-38,64
39,50;-1,38;0,02;-29,58
39,50;-1,38;0,03;-26,54
39,50;-1,38;0,00;-41,78
39,50;-1,38;0,03;-26,53
39,60;-1,37;0,00;-35,68
39,60;-1,37;0,03;-26,54
39,60;-1,37;0,00;-38,69
39,60;-1,37;0,02;-29,63
39,60;-1,37;0,06;-23,59
39,60;-1,37;0,00;-35,80
39,60;-1,37;0,00;-35,66
39,60;-1,37;0,06;-23,52
39,60;-1,37;0,01;-29,76
39,60;-1,37;0,00;-38,79
39,60;-1,37;0,01;-30,02
39,60;-1,37;0,01;-33,06
39,60;-1,37;0,00;-35,77
39,60;-1,37;0,00;-35,50
39,60;-1,37;0,00;-38,22
39,60;-1,37;0,02;-29,55
39,60;-1,37;0,01;-32,64
39,70;-1,36;0,00;-38,85
39,70;-1,36;0,01;-32,80
39,70;-1,36;0,00;-41,83
39,70;-1,36;0,01;-30,07
39,70;-1,36;0,06;-23,53
39,70;-1,36;0,01;-32,56
39,70;-1,36;0,01;-30,13
39,70;-1,36;0,00;-35,82
39,70;-1,36;0,06;-23,59
39,70;-1,36;0,00;-36,12
39,70;-1,36;0,00;-36,12
39,70;-1,36;0,00;-41,71
39,70;-1,36;0,00;-38,03
39,70;-1,36;0,00;-38,03
39,70;-1,36;0,00;-35,69
39,70;-1,36;0,00;-42,59
39,70;-1,36;0,00;-35,68
39,70;-1,36;0,01;-29,81
39,70;-1,36;0,02;-29,54
39,70;-1,36;0,02;-29,54
39,70;-1,36;0,03;-26,60
39,70;-1,36;0,02;-29,67
39,70;-1,36;0,01;-32,56
39,70;-1,36;0,00;-41,83
39,70;-1,36;0,00;-42,59
39,70;-1,36;0,03;-26,54
39,80;-1,35;0,00;-35,89
39,80;-1,35;0,01;-33,18
39,80;-1,35;0,00;-35,87
39,80;-1,35;0,03;-26,54
39,80;-1,35;0,00;-35,87
39,80;-1,35;0,01;-30,20
39,80;-1,35;0,02;-29,55
39,80;-1,35;0,00;-35,85
39,80;-1,35;0,06;-23,60
39,80;-1,35;0,01;-32,68
39,80;-1,35;0,00;-41,89
39,80;-1,35;0,00;-36,26
39,80;-1,35;0,02;-29,61
39,80;-1,35;0,00;-36,26
39,80;-1,35;0,06;-23,53
39,80;-1,35;0,00;-41,89
39,80;-1,35;0,02;-29,61
39,80;-1,35;0,03;-26,54
39,90;-1,34;0,00;-38,59
39,90;-1,34;0,02;-29,68
39,90;-1,34;0,00;-38,59
39,90;-1,34;0,00;-38,58
39,90;-1,34;0,01;-30,28
39,90;-1,34;0,06;-23,60
39,90;-1,34;0,01;-32,56
39,90;-1,34;0,01;-32,57
39,90;-1,34;0,00;-35,93
39,90;-1,34;0,00;-41,97
39,90;-1,34;0,00;-35,61
39,90;-1,34;0,01;-33,70
39,90;-1,34;0,01;-32,55
39,90;-1,34;0,00;-36,78
39,90;-1,34;0,02;-29,53
39,90;-1,34;0,02;-29,53
39,90;-1,34;0,00;-41,97
39,90;-1,34;0,01;-33,33
39,90;-1,34;0,02;-29,55
39,90;-1,34;0,00;-41,60
39,90;-1,34;0,00;-35,69
39,90;-1,34;0,00;-41,60
39,90;-1,34;0,01;-29,88
39,90;-1,34;0,00;-35,70
39,90;-1,34;0,00;-35,70
39,90;-1,34;0,00;-38,91
39,90;-1,34;0,01;-32,94
39,90;-1,34;0,01;-33,84
39,90;-1,34;0,00;-37,71
39,90;-1,34;0,00;-37,71
39,90;-1,34;0,00;-35,58
39,90;-1,34;0,00;-35,58
39,90;-1,34;0,00;-35,56
39,90;-1,34;0,00;-35,57
39,90;-1,34;0,03;-26,61
40,00;-1,33;0,00;-35,56
40,00;-1,33;0,00;-35,56
40,00;-1,33;0,02;-29,63
40,00;-1,33;0,00;-35,58
40,00;-1,33;0,00;-35,58
40,00;-1,33;0,00;-39,01
40,00;-1,33;0,00;-35,65
40,00;-1,33;0,00;-35,58
40,00;-1,33;0,00;-35,58
40,00;-1,33;0,00;-35,72
40,00;-1,33;0,00;-35,72
40,00;-1,33;0,02;-29,53
40,00;-1,33;0,00;-36,44
40,00;-1,33;0,00;-36,44
40,00;-1,33;0,01;-29,98
40,00;-1,33;0,01;-32,64
40,00;-1,33;0,00;-41,60
40,00;-1,33;0,00;-41,60
40,00;-1,33;0,00;-41,60
40,00;-1,33;0,01;-32,60
40,00;-1,33;0,00;-38,66
40,00;-1,33;0,00;-41,60
40,00;-1,33;0,00;-35,61
40,00;-1,33;0,00;-35,61
40,00;-1,33;0,01;-32,55
40,00;-1,33;0,00;-38,59
40,00;-1,33;0,01;-32,57
40,00;-1,33;0,01;-30,48
40,00;-1,33;0,02;-29,59
40,00;-1,33;0,00;-36,03
40,00;-1,33;0,00;-35,97
40,00;-1,33;0,00;-39,95
40,00;-1,33;0,01;-32,57
40,00;-1,33;0,01;-32,70
40,00;-1,33;0,01;-30,37
40,00;-1,33;0,02;-29,59
40,00;-1,33;0,01;-34,02
40,00;-1,33;0,02;-29,67
40,00;-1,33;0,02;-29,69
40,00;-1,33;0,02;-29,68
40,00;-1,33;0,00;-38,59
40,00;-1,33;0,00;-38,59
40,00;-1,33;0,00;-38,59
40,00;-1,33;0,00;-39,95
40,00;-1,33;0,01;-32,69
40,00;-1,33;0,00;-35,58
40,10;-1,32;0,01;-32,64
40,10;-1,32;0,00;-41,60
40,10;-1,32;0,01;-32,68
40,10;-1,32;0,01;-32,64
40,10;-1,32;0,00;-38,60
40,10;-1,32;0,00;-38,60
40,10;-1,32;0,00;-41,60
40,10;-1,32;0,00;-42,08
40,10;-1,32;0,00;-41,60
40,10;-1,32;0,01;-32,57
40,10;-1,32;0,00;-42,08
40,10;-1,32;0,02;-29,59
40,10;-1,32;0,01;-30,61
40,10;-1,32;0,01;-32,58
40,10;-1,32;0,02;-29,69
40,10;-1,32;0,01;-32,54
40,10;-1,32;0,01;-33,55
40,10;-1,32;0,00;-42,08
40,10;-1,32;0,00;-38,66
40,10;-1,32;0,00;-35,59
40,10;-1,32;0,00;-38,66
40,10;-1,32;0,02;-29,71
40,10;-1,32;0,00;-35,62
40,10;-1,32;0,02;-29,60
40,10;-1,32;0,00;-36,09
40,10;-1,32;0,00;-36,09
40,10;-1,32;0,00;-39,14
40,10;-1,32;0,02;-29,53
40,10;-1,32;0,00;-36,06
40,10;-1,32;0,00;-35,62
40,10;-1,32;0,02;-29,53
40,10;-1,32;0,00;-39,14
40,10;-1,32;0,01;-32,60
40,10;-1,32;0,01;-29,74
40,10;-1,32;0,02;-29,66
40,10;-1,32;0,01;-32,74
40,10;-1,32;0,00;-37,13
40,10;-1,32;0,00;-41,60
40,10;-1,32;0,00;-35,56
40,10;-1,32;0,00;-35,68
40,10;-1,32;0,00;-35,58
40,10;-1,32;0,00;-35,58
40,10;-1,32;0,00;-35,58
40,10;-1,32;0,00;-35,56
40,10;-1,32;0,00;-35,58
40,20;-1,31;0,00;-35,69
40,20;-1,31;0,00;-35,69
40,20;-1,31;0,00;-38,73
40,20;-1,31;0,00;-35,58
40,20;-1,31;0,00;-35,58
40,20;-1,31;0,01;-34,25
40,20;-1,31;0,00;-35,58
40,20;-1,31;0,02;-29,60
40,20;-1,31;0,00;-35,58
40,20;-1,31;0,00;-35,56
40,20;-1,31;0,02;-29,60
40,20;-1,31;0,00;-41,74
40,20;-1,31;0,00;-35,56
40,20;-1,31;0,00;-38,67
40,20;-1,31;0,00;-42,24
40,20;-1,31;0,00;-36,17
40,20;-1,31;0,00;-38,67
40,20;-1,31;0,00;-36,17
40,20;-1,31;0,01;-29,77
40,20;-1,31;0,00;-42,24
40,20;-1,31;0,02;-29,67
40,20;-1,31;0,00;-42,24
40,20;-1,31;0,01;-32,54
40,20;-1,31;0,00;-41,60
40,20;-1,31;0,00;-35,72
40,20;-1,31;0,02;-29,53
40,20;-1,31;0,01;-32,59
40,20;-1,31;0,02;-29,53
40,20;-1,31;0,00;-41,60
40,20;-1,31;0,00;-41,60
40,20;-1,31;0,00;-35,73
40,20;-1,31;0,00;-36,26
40,20;-1,31;0,00;-36,26
40,20;-1,31;0,00;-35,66
40,20;-1,31;0,01;-32,80
40,20;-1,31;0,01;-32,58
40,20;-1,31;0,01;-30,77
40,20;-1,31;0,00;-40,42
40,20;-1,31;0,00;-40,42
40,20;-1,31;0,01;-32,65
40,20;-1,31;0,00;-38,59
40,20;-1,31;0,00;-38,59
40,20;-1,31;0,01;-32,65
40,20;-1,31;0,00;-42,24
40,20;-1,31;0,00;-35,72
40,20;-1,31;0,01;-32,69
40,20;-1,31;0,02;-29,67
40,20;-1,31;0,00;-36,70
40,20;-1,31;0,00;-38,60
40,20;-1,31;0,00;-38,60
40,20;-1,31;0,00;-35,78
40,20;-1,31;0,00;-35,78
40,20;-1,31;0,00;-41,60
40,20;-1,31;0,01;-32,61
40,20;-1,31;0,00;-36,70
40,30;-1,30;0,00;-38,59
40,30;-1,30;0,00;-38,59
40,30;-1,30;0,01;-29,85
40,30;-1,30;0,00;-38,62
40,30;-1,30;0,00;-38,62
40,30;-1,30;0,00;-35,66
40,30;-1,30;0,00;-35,73
40,30;-1,30;0,01;-32,54
40,30;-1,30;0,00;-35,55
40,30;-1,30;0,01;-29,81
40,30;-1,30;0,01;-32,59
40,30;-1,30;0,00;-41,75
40,30;-1,30;0,00;-41,60
40,30;-1,30;0,00;-34,58
40,30;-1,30;0,00;-39,33
40,30;-1,30;0,00;-39,33
40,30;-1,30;0,00;-36,38
40,30;-1,30;0,00;-38,68
40,30;-1,30;0,00;-38,68
40,30;-1,30;0,00;-41,60
40,30;-1,30;0,02;-29,60
40,30;-1,30;0,00;-36,38
40,30;-1,30;0,01;-32,60
40,30;-1,30;0,01;-30,97
40,30;-1,30;0,00;-35,60
40,30;-1,30;0,00;-41,60
40,30;-1,30;0,00;-41,60
40,30;-1,30;0,00;-35,62
40,30;-1,30;0,01;-32,62
40,30;-1,30;0,01;-33,87
40,30;-1,30;0,00;-35,70
40,30;-1,30;0,00;-35,70
40,30;-1,30;0,00;-41,75
40,30;-1,30;0,00;-38,75
40,30;-1,30;0,02;-29,53
40,30;-1,30;0,02;-29,53
40,30;-1,30;0,00;-35,62
40,30;-1,30;0,00;-35,58
40,30;-1,30;0,00;-35,58
40,30;-1,30;0,00;-35,58
40,30;-1,30;0,00;-35,85
40,30;-1,30;0,00;-35,58
40,30;-1,30;0,00;-35,85
40,30;-1,30;0,01;-32,66
40,30;-1,30;0,02;-29,68
40,30;-1,30;0,02;-29,68
40,30;-1,30;0,02;-29,61
40,30;-1,30;0,00;-35,55
40,40;-1,28;0,00;-42,46
40,40;-1,28;0,01;-32,89
40,40;-1,28;0,00;-36,52
40,40;-1,28;0,02;-29,61
40,40;-1,28;0,00;-39,61
40,40;-1,28;0,00;-39,61
40,40;-1,28;0,00;-42,46
40,40;-1,28;0,02;-29,53
40,40;-1,28;0,00;-36,52
40,40;-1,28;0,00;-41,60
40,40;-1,28;0,00;-42,46
40,40;-1,28;0,01;-32,66
40,40;-1,28;0,02;-29,69
40,40;-1,28;0,00;-42,46
40,40;-1,28;0,02;-29,53
40,40;-1,28;0,02;-29,70
40,40;-1,28;0,00;-35,58
40,40;-1,28;0,00;-35,58
40,40;-1,28;0,01;-32,62
40,40;-1,28;0,00;-41,60
40,40;-1,28;0,00;-38,69
40,40;-1,28;0,00;-35,71
40,40;-1,28;0,00;-35,71
40,40;-1,28;0,00;-38,69
40,40;-1,28;0,00;-41,60
40,40;-1,28;0,01;-32,70
40,40;-1,28;0,00;-37,11
40,40;-1,28;0,00;-37,11
40,40;-1,28;0,00;-41,60
40,40;-1,28;0,00;-35,62
40,40;-1,28;0,00;-35,55
40,40;-1,28;0,00;-38,64
40,40;-1,28;0,01;-32,67
40,40;-1,28;0,00;-35,55
40,40;-1,28;0,00;-38,64
40,40;-1,28;0,00;-35,63
40,40;-1,28;0,00;-35,96
40,40;-1,28;0,00;-35,96
40,40;-1,28;0,01;-31,24
40,40;-1,28;0,01;-29,91
40,40;-1,28;0,00;-35,63
40,40;-1,28;0,00;-35,19
40,40;-1,28;0,00;-38,59
40,40;-1,28;0,00;-38,59
40,40;-1,28;0,00;-37,84
40,40;-1,28;0,00;-35,67
40,40;-1,28;0,00;-35,75
40,40;-1,28;0,00;-41,76
40,40;-1,28;0,00;-41,76
40,40;-1,28;0,00;-35,74
40,40;-1,28;0,01;-32,61
40,50;-1,27;0,00;-38,76
40,50;-1,27;0,00;-35,73
40,50;-1,27;0,01;-32,54
40,50;-1,27;0,00;-42,82
40,50;-1,27;0,01;-32,68
40,50;-1,27;0,00;-41,78
40,50;-1,27;0,00;-35,75
40,50;-1,27;0,00;-35,64
40,50;-1,27;0,00;-35,76
40,50;-1,27;0,00;-41,78
40,50;-1,27;0,01;-34,44
40,50;-1,27;0,00;-35,64
40,50;-1,27;0,00;-35,64
40,50;-1,27;0,01;-31,68
40,50;-1,27;0,02;-29,53
40,50;-1,27;0,00;-38,60
40,50;-1,27;0,00;-38,60
40,50;-1,27;0,01;-32,67
40,50;-1,27;0,01;-29,98
40,50;-1,27;0,00;-35,55
40,50;-1,27;0,01;-30,07
40,50;-1,27;0,00;-35,55
40,50;-1,27;0,00;-38,67
40,50;-1,27;0,00;-38,67
40,50;-1,27;0,01;-33,03
40,50;-1,27;0,00;-35,69
40,50;-1,27;0,01;-32,63
40,50;-1,27;0,00;-42,82
40,50;-1,27;0,00;-35,59
40,50;-1,27;0,00;-35,59
40,50;-1,27;0,02;-29,70
40,50;-1,27;0,01;-32,71
40,50;-1,27;0,00;-35,59
40,50;-1,27;0,02;-29,61
40,50;-1,27;0,00;-35,59
40,50;-1,27;0,02;-29,62
40,50;-1,27;0,00;-41,83
40,50;-1,27;0,02;-29,53
40,50;-1,27;0,00;-42,82
40,50;-1,27;0,00;-41,83
40,50;-1,27;0,00;-41,61
40,50;-1,27;0,00;-41,61
40,50;-1,27;0,00;-41,61
40,50;-1,27;0,01;-32,64
40,50;-1,27;0,00;-41,61
40,50;-1,27;0,00;-42,82
40,50;-1,27;0,00;-36,69
40,50;-1,27;0,00;-36,69
40,50;-1,27;0,01;-32,63
40,50;-1,27;0,00;-35,73
40,60;-1,26;0,00;-38,08
40,60;-1,26;0,00;-35,77
40,60;-1,26;0,00;-40,09
40,60;-1,26;0,00;-40,09
40,60;-1,26;0,00;-35,65
40,60;-1,26;0,02;-29,71
40,60;-1,26;0,01;-33,26
40,60;-1,26;0,02;-29,72
40,60;-1,26;0,01;-32,54
40,60;-1,26;0,00;-41,79
40,60;-1,26;0,00;-41,79
40,60;-1,26;0,00;-35,69
40,60;-1,26;0,01;-32,69
40,60;-1,26;0,01;-32,64
40,60;-1,26;0,00;-41,61
40,60;-1,26;0,00;-41,61
40,60;-1,26;0,00;-41,61
40,60;-1,26;0,01;-32,69
40,60;-1,26;0,00;-41,61
40,60;-1,26;0,02;-29,63
40,60;-1,26;0,02;-29,53
40,60;-1,26;0,02;-29,53
40,60;-1,26;0,00;-35,56
40,60;-1,26;0,00;-35,56
40,60;-1,26;0,00;-35,59
40,60;-1,26;0,00;-35,59
40,60;-1,26;0,01;-30,18
40,60;-1,26;0,00;-35,59
40,60;-1,26;0,00;-35,59
40,60;-1,26;0,02;-29,62
40,60;-1,26;0,00;-36,93
40,60;-1,26;0,00;-38,77
40,60;-1,26;0,01;-32,72
40,60;-1,26;0,01;-32,68
40,60;-1,26;0,00;-36,93
40,60;-1,26;0,00;-36,14
40,60;-1,26;0,00;-38,08
40,60;-1,26;0,00;-36,14
40,60;-1,26;0,00;-35,70
40,60;-1,26;0,00;-38,60
40,60;-1,26;0,00;-38,60
40,60;-1,26;0,00;-38,70
40,60;-1,26;0,00;-38,70
40,60;-1,26;0,01;-32,66
40,60;-1,26;0,00;-35,65
40,70;-1,25;0,00;-38,60
40,70;-1,25;0,00;-38,60
40,70;-1,25;0,00;-38,72
40,70;-1,25;0,00;-38,72
40,70;-1,25;0,00;-38,73
40,70;-1,25;0,00;-38,73
40,70;-1,25;0,01;-32,75
40,70;-1,25;0,00;-35,74
40,70;-1,25;0,00;-37,52
40,70;-1,25;0,00;-37,27
40,70;-1,25;0,00;-37,27
40,70;-1,25;0,00;-37,23
40,70;-1,25;0,00;-35,74
40,70;-1,25;0,00;-38,79
40,70;-1,25;0,00;-35,76
40,70;-1,25;0,01;-32,74
40,70;-1,25;0,00;-43,54
40,70;-1,25;0,00;-35,56
40,70;-1,25;0,00;-35,56
40,70;-1,25;0,00;-35,59
40,70;-1,25;0,00;-35,59
40,70;-1,25;0,02;-29,63
40,70;-1,25;0,00;-43,54
40,70;-1,25;0,02;-29,64
40,70;-1,25;0,00;-43,54
40,70;-1,25;0,01;-32,73
40,70;-1,25;0,02;-29,54
40,70;-1,25;0,01;-29,74
40,70;-1,25;0,02;-29,73
40,70;-1,25;0,00;-35,59
40,70;-1,25;0,00;-35,59
40,70;-1,25;0,00;-35,66
40,70;-1,25;0,00;-35,66
40,70;-1,25;0,01;-32,55
40,70;-1,25;0,01;-30,33
40,70;-1,25;0,00;-35,78
40,70;-1,25;0,00;-35,78
40,70;-1,25;0,01;-30,53
40,70;-1,25;0,00;-36,44
40,70;-1,25;0,00;-36,44
40,70;-1,25;0,01;-32,70
40,70;-1,25;0,00;-35,71
40,80;-1,24;0,01;-30,81
40,80;-1,24;0,00;-35,60
40,80;-1,24;0,00;-35,60
40,80;-1,24;0,01;-32,55
40,80;-1,24;0,00;-35,60
40,80;-1,24;0,00;-35,60
40,80;-1,24;0,00;-35,67
40,80;-1,24;0,00;-41,62
40,80;-1,24;0,00;-41,62
40,80;-1,24;0,00;-41,81
40,80;-1,24;0,00;-41,81
40,80;-1,24;0,00;-35,67
40,80;-1,24;0,00;-41,62
40,80;-1,24;0,00;-41,62
40,80;-1,24;0,01;-32,65
40,80;-1,24;0,00;-37,92
40,80;-1,24;0,01;-32,77
40,80;-1,24;0,01;-32,76
40,80;-1,24;0,00;-35,56
40,80;-1,24;0,00;-35,56
40,80;-1,24;0,00;-38,61
40,80;-1,24;0,00;-38,61
40,80;-1,24;0,00;-42,91
40,80;-1,24;0,00;-35,73
40,80;-1,24;0,00;-38,73
40,80;-1,24;0,00;-38,73
40,80;-1,24;0,01;-32,72
40,80;-1,24;0,00;-35,76
40,80;-1,24;0,00;-38,81
40,80;-1,24;0,00;-35,76
40,80;-1,24;0,00;-38,82
40,80;-1,24;0,00;-35,89
40,80;-1,24;0,00;-38,82
40,80;-1,24;0,01;-32,84
40,80;-1,24;0,02;-29,65
40,80;-1,24;0,01;-29,75
40,80;-1,24;0,00;-35,79
40,80;-1,24;0,02;-29,66
40,80;-1,24;0,02;-29,54
40,80;-1,24;0,02;-29,54
40,80;-1,24;0,01;-32,71
40,80;-1,24;0,01;-33,66
40,90;-1,23;0,01;-32,73
40,90;-1,23;0,01;-32,55
40,90;-1,23;0,00;-35,78
40,90;-1,23;0,00;-35,78
40,90;-1,23;0,01;-31,26
40,90;-1,23;0,00;-35,80
40,90;-1,23;0,01;-32,74
40,90;-1,23;0,00;-35,61
40,90;-1,23;0,00;-35,61
40,90;-1,23;0,00;-35,60
40,90;-1,23;0,00;-35,69
40,90;-1,23;0,00;-35,60
40,90;-1,23;0,00;-37,02
40,90;-1,23;0,00;-37,02
40,90;-1,23;0,00;-41,83
40,90;-1,23;0,00;-37,69
40,90;-1,23;0,00;-35,56
40,90;-1,23;0,00;-41,83
40,90;-1,23;0,00;-41,70
40,90;-1,23;0,00;-35,56
40,90;-1,23;0,00;-38,62
40,90;-1,23;0,00;-38,62
40,90;-1,23;0,00;-38,75
40,90;-1,23;0,00;-41,62
40,90;-1,23;0,00;-41,62
40,90;-1,23;0,00;-41,62
40,90;-1,23;0,00;-41,62
40,90;-1,23;0,00;-38,75
40,90;-1,23;0,00;-35,82
40,90;-1,23;0,01;-32,93
40,90;-1,23;0,00;-39,01
40,90;-1,23;0,00;-39,01
40,90;-1,23;0,01;-32,67
40,90;-1,23;0,01;-32,67
40,90;-1,23;0,01;-33,07
40,90;-1,23;0,01;-29,77
40,90;-1,23;0,02;-29,54
40,90;-1,23;0,02;-29,66
40,90;-1,23;0,01;-29,76
40,90;-1,23;0,00;-35,69
40,90;-1,23;0,02;-29,54
41,00;-1,22;0,02;-29,69
41,00;-1,22;0,00;-36,17
41,00;-1,22;0,00;-35,76
41,00;-1,22;0,02;-29,67
41,00;-1,22;0,00;-35,81
41,00;-1,22;0,01;-32,75
41,00;-1,22;0,01;-33,28
41,00;-1,22;0,00;-41,85
41,00;-1,22;0,00;-41,85
41,00;-1,22;0,01;-29,78
41,00;-1,22;0,01;-32,78
41,00;-1,22;0,00;-41,63
41,00;-1,22;0,00;-41,63
41,00;-1,22;0,00;-34,67
41,00;-1,22;0,00;-41,63
41,00;-1,22;0,00;-41,63
41,00;-1,22;0,00;-35,71
41,00;-1,22;0,00;-35,83
41,00;-1,22;0,00;-35,81
41,00;-1,22;0,00;-35,71
41,00;-1,22;0,00;-38,78
41,00;-1,22;0,00;-38,78
41,00;-1,22;0,01;-32,69
41,00;-1,22;0,00;-38,83
41,10;-1,21;0,00;-38,86
41,10;-1,21;0,01;-32,54
41,10;-1,21;0,00;-35,79
41,10;-1,21;0,01;-32,78
41,10;-1,21;0,00;-35,86
41,10;-1,21;0,01;-32,81
41,10;-1,21;0,00;-35,84
41,10;-1,21;0,00;-41,89
41,10;-1,21;0,01;-29,81
41,10;-1,21;0,01;-29,79
41,10;-1,21;0,01;-32,77
41,10;-1,21;0,02;-29,70
41,20;-1,20;0,01;-32,85
41,20;-1,20;0,00;-41,88
41,20;-1,20;0,00;-35,84
41,20;-1,20;0,00;-41,88
41,20;-1,20;0,01;-29,83
33,00;-2,16;0,00;-52,74
33,00;-2,16;0,00;-52,74
28,20;-2,85;0,00;-51,38
33,00;-2,16;0,00;-52,74
28,20;-2,85;0,00;-51,38
27,60;-2,94;0,00;-52,74
27,60;-2,94;0,00;-52,74
25,50;-3,28;0,00;-51,38
25,50;-3,28;0,00;-51,38
22,80;-3,77;0,00;-49,73
22,80;-3,77;0,00;-49,73
33,00;-2,16;0,00;-52,74
27,50;-2,96;0,01;-34,08
27,20;-3,00;0,00;-37,29
25,80;-3,23;0,00;-40,30
24,10;-3,53;0,00;-40,70
25,80;-3,23;0,00;-40,30
28,60;-2,78;0,00;-37,29
24,80;-3,40;0,01;-34,28
24,50;-3,46;0,00;-40,30
24,50;-3,46;0,00;-40,30
22,10;-3,90;0,01;-34,28
53,20;-0,09;1,70;-9,19
47,30;-0,60;6,54;-3,34
45,80;-0,74;3,43;-6,14
40,60;-1,26;1,91;-8,68
40,40;-1,28;2,66;-7,25
39,70;-1,36;3,90;-5,58
33,30;-2,12;0,37;-15,85
31,10;-2,42;1,86;-8,79
45,80;-0,74;3,43;-6,14
53,20;-0,09;1,70;-9,19
16,70;-5,12;4,53;-4,94
15,10;-5,56;14,11;0,00
11,30;-6,82;0,13;-20,50
11,30;-6,82;0,13;-20,50
11,20;-6,86;0,57;-13,97
10,60;-7,10;0,12;-20,66
10,50;-7,14;0,21;-18,24
10,30;-7,22;0,17;-19,23
9,70;-7,48;0,91;-11,90
8,90;-7,85;0,62;-13,54
8,00;-8,32;0,92;-11,85
8,00;-8,32;0,92;-11,85
8,00;-8,32;0,23;-17,88
6,50;-9,22;0,76;-12,67
4,70;-10,63;3,54;-6,00
4,30;-11,01;1,40;-10,02
2,20;-13,92;2,55;-7,43
1,60;-15,31;0,84;-12,28
0,20;-24,34;1,57;-9,54
